"Cube Title","Product Id","CANSIM Id",URL,"Cube Notes","Archive Status",Frequency,"Start Reference Period","End Reference Period","Total number of dimensions"
"Characteristics and median employment income of Canadian postsecondary graduates two years after graduation, by visible minority group, educational qualification and field of study (primary groupings)","37100300",,"https://www150.statcan.gc.ca/t1/tbl1/en/tv.action?pid=3710030001",1;2;22;23,"CURRENT - a cube available to the public and that is current","Occasional","2014-01-01","2022-01-01","8",

"Dimension ID","Dimension name","Dimension Notes","Dimension Definitions"
"1","Geography",,""
"2","Educational qualification",6,""
"3","Field of study",8,""
"4","Gender",,""
"5","Age group",9,""
"6","Population group",10,""
"7","Characteristics after graduation",,""
"8","Graduate statistics",,""

"Dimension ID","Member Name","Classification Code","Member ID","Parent Member ID",Terminated,"Member Notes","Member Definitions"
"1","Canada","[11124]","1","","",3,
"1","Newfoundland and Labrador","[10]","2","1","",,
"1","Prince Edward Island","[11]","3","1","",,
"1","Nova Scotia","[12]","4","1","",,
"1","New Brunswick","[13]","5","1","",,
"1","Quebec","[24]","6","1","",4,
"1","Ontario","[35]","7","1","",,
"1","Manitoba","[46]","8","1","",,
"1","Saskatchewan","[47]","9","1","",,
"1","Alberta","[48]","10","1","",,
"1","British Columbia","[59]","11","1","",,
"1","Territories","[6]","12","1","",5,
"2","Total, educational qualification","","1","","",20,
"2","Career, technical or professional training short credential","","2","1","",,
"2","Career, technical or professional training certificate","","3","1","",,
"2","Career, technical or professional training diploma","","4","1","",,
"2","Post career, technical or professional training program certificate","","5","1","",,
"2","Undergraduate certificate","","6","1","",,
"2","Undergraduate degree","","7","1","",6,
"2","Post-baccalaureate non-graduate diploma","","8","1","",,
"2","Professional degree","","9","1","",7,
"2","Master's diploma","","10","1","",,
"2","Master's degree","","11","1","",,
"2","Doctoral degree","","12","1","",,
"2","Other educational qualifications","","13","1","",21,
"3","Total, field of study","","1","","",,
"3","Education","[1]","2","1","",,
"3","Visual and performing arts, and communications technologies","[2]","3","1","",,
"3","Humanities","[3]","4","1","",,
"3","Social and behavioural sciences and law","[4]","5","1","",,
"3","Business, management and public administration","[5]","6","1","",,
"3","Physical and life sciences and technologies","[6]","7","1","",,
"3","Mathematics, computer and information sciences","[7]","8","1","",,
"3","Architecture, engineering, and related trades","[8]","9","1","",,
"3","Agriculture, natural resources and conservation","[9]","10","1","",,
"3","Health and related fields","[10]","11","1","",,
"3","Personal, protective and transportation services","[11]","12","1","",,
"3","Other instructional programs","[12]","13","1","",,
"4","Total, gender","","1","","",,
"4","Man","","2","1","",,
"4","Woman","","3","1","",,
"5","15 to 64 years","","1","","",,
"5","15 to 34 years","","2","1","",,
"5","35 to 64 years","","3","1","",,
"6","Total, graduates reporting employment income","","1","","",,
"6","Visible minority population","","2","1","",10,
"6","South Asian","","3","2","",11,
"6","Chinese","","4","2","",,
"6","Black","","5","2","",,
"6","Filipino","","6","2","",,
"6","Latin American","","7","2","",,
"6","Arab","","8","2","",,
"6","Southeast Asian","","9","2","",12,
"6","West Asian","","10","2","",13,
"6","Korean","","11","2","",,
"6","Japanese","","12","2","",,
"6","Visible minority, n.i.e.","","13","2","",14,
"6","Multiple visible minorities","","14","2","",15,
"6","Not a visible minority","","15","1","",,
"7","Graduates reporting employment income","","1","","",16,
"8","Number of graduates","","1","","",17;18,
"8","Median employment income","","2","","",17;19,

Symbol Legend
Description,Symbol
"not available for a specific reference period","..",
"less than the limit of detection","<LOD",
"value rounded to 0 (zero) where there is a meaningful distinction between true zero and the value that was rounded","0s",
"data quality: excellent","A",
"data quality: very good","B",
"data quality: good","C",
"data quality: acceptable","D",
"use with caution","E",
"too unreliable to be published","F",
"not applicable","...",
"preliminary","p",
"revised","r",
"suppressed to meet the confidentiality requirements of the Statistics Act","x",
"terminated","t",

"Survey Code","Survey Name"
"3901","Census of Population"
"4105","Annual Income Estimates for Census Families and Individuals (T1 Family File)"
"5017","Postsecondary Student Information System"
"5384","Administrative Personal Income Masterfile"

"Subject Code","Subject Name"
"37","Education, training and learning"

"Note ID",Note
1,"Cross-sectional analysis: Graduates of each cohort are observed two years after graduation (for example, graduates of calendar year 2014 are observed in 2016). The criteria used to define the graduate subpopulations shown under Characteristics after graduation are only applied in the year of the earnings measurement. See the technical reference guide <a href="https://www150.statcan.gc.ca/n1/pub/37-20-0001/372000012026001-eng.htm" rel="external noopener noreferrer" target="_blank">Labour market outcome indicators of postsecondary graduates, 2010 to 2022 (opens new window)</a> for further information."
2,"The data are subject to annual revision. The year chosen for constant dollars may also be updated."
3,"Estimates may not be available for all reference periods for all geographies, due to data limitations."
4,"Quebec CEGEP graduates with a diploma in the technical stream leading to labour market entry are included in the study population, while pre-university diploma graduates from CEGEPs are excluded. University micro-programs and attestations are excluded at the undergraduate, master's and doctoral levels."
5,"The Territories include Yukon, the Northwest Territories, and Nunavut."
6,"Educational qualification is derived by combining two Postsecondary Student Information System (PSIS) variables: program type and credential type. For consistency and homogeneity across provinces and territories, two adjustments are made. (1) Medicine, Dentistry, Veterinary medicine, Optometry, Pharmacy and Law degrees reported as "Undergraduate degrees" or "Post-baccalaureate non-graduate degrees" are regrouped as "Professional degrees." (2) "Post-baccalaureate non-graduate degrees" in the fields of Education and Social work are regrouped with "Undergraduate degrees". <a href="https://www23.statcan.gc.ca/imdb/p3VD.pl?Function=getVD&TVD=1566776" rel="external noopener noreferrer" target="_blank">Classification of programs and credentials - professional degree variant (opens new window)<a/>."
7,"Includes "Undergraduate degree" and "Post-baccalaureate non-graduate degree" programs in the following fields of study (based on CIP Canada 2021, 6-digit classes): 22.0101 Law (LLB, JD, BCL); 51.1201 Medicine (MD); 51.0401 Dentistry (DDS, DMD); 01.8001 Veterinary medicine (DVM); 51.1701 Optometry (OD); 51.2001 Pharmacy (PharmD, BS, BSc, BPharm)."
8,"This variable uses the <a href="https://www23.statcan.gc.ca/imdb/p3VD.pl?Function=getVD&TVD=1486532" rel="external noopener noreferrer" target="_blank">Primary groupings (opens new window)</a> variant of the Classification of Instructional Programs (CIP) Canada 2021. The "Personal improvement and leisure" primary grouping and non-postsecondary fields of study under the "Other" primary grouping are excluded from this table."
9,"Refers to the age of graduates on December 31st of the year of graduation. The study population only includes graduates between 15 and 64 years old."
10,"According to the Employment Equity Act, visible minorities are "persons, other than Aboriginal peoples, who are non-Caucasian in race or non-white in colour.""
11,"For example, East Indian, Pakistani, Sri Lankan."
12,"For example, Vietnamese, Cambodian, Laotian, Thai."
13,"For example, Iranian, Afghan."
14,"Includes persons with a write-in response such as Guyanese, West Indian, Tibetan, Polynesian, Pacific Islander. The abbreviation 'n.i.e.' means 'not included elsewhere'."
15,"Includes persons who gave more than one visible minority group by checking two or more mark-in responses, for example, Black and South Asian."
16,""Graduates reporting employment income" excludes graduates with no income information and those who were full-time students two years after graduation. Graduates reporting $0 in wages, salaries and commissions and in net self-employment income are included in the "Number of graduates" but not in the "Median employment income" estimates. Employment income includes wages, salaries and commissions (wages and salaries, commissions from employment, training allowances, tips and gratuities, tax exempted Indian employment income) and net self-employment income (net income from business, profession, farming, fishing and commissions). Net self-employment income may be positive, negative or zero."
17,"Graduates reporting $0 in wages, salaries and commissions and in net self-employment income are included in the calculation of the "Number of graduates"; however, they are excluded from the "Median employment income" calculation. The suppression of the median employment income is based on counts that exclude graduates reporting $0 in wages, salaries and commissions and in net self-employment income. Median employment income is suppressed to protect confidentiality when the count of graduates used to produce that estimate is small."
18,"The "Number of graduates" represents the number of individuals. Due to different study population definitions and methodology, graduate counts in this table differ from the published annual counts from the Postsecondary Student Information System (PSIS). All counts are randomly rounded. Due to rounding, components may not add to the totals."
19,"The "Median employment income" is not provided for the aggregate "Total, educational qualification" and the category "Other educational qualifications".  All dollar figures are rounded to the nearest hundred. Note that income after graduation does not control for the effect of additional education that may have been obtained since the graduation year."
20,"The "Median employment income" is not provided for the aggregate "Total, educational qualification"."
21,"The "Median employment income" is not provided for the category "Other educational qualifications"."
22,"Estimates in this table are produced by integrating data from the administrative Postsecondary Student Information System dataset (PSIS) with data from the 2016 Census and the 2021 Census and tax data from the T1 Family File (T1FF) and the Administrative Personal Income Masterfile (APIM). In particular, the population group information is added from the Census of Population 2A-L long-form questionnaire. This information can only be matched to a fraction of PSIS individuals, since the long form covers a sample of the Canadian population. Non-linkage weights have been derived and applied to these estimates in order to be representative of the entire PSIS population. The data and methods are subject to revision. Totals may not add up to the sum of all categories due to rounding."
23,"These estimates include only Canadian students, where "Canadian students" include Canadian citizens and permanent residents. The concept of status of student in Canada is defined on December 31st of the year of graduation."

"Correction ID","Correction Date","Correction Note"
